gene_name,p-value_Neo_IP,fold_change_Neo_IP,p-value_Van_IP,fold_change_Van_IP
1810010H24Rik,0.0060400089843029,-0.3959520844396896,0.0303060736018599,-0.203121835985335
2310057M21Rik,0.011167406033527,0.4847026746781159,0.0027668264708631,1.4549315365290505
4931429L15Rik,0.0297030164404565,1.3457084012973464,0.0488470320288666,1.2270227523646289
6330549D23Rik,0.0161916308454649,0.5424278980918655,0.0005118317383467,0.8203771679321046
A930007A09Rik,0.013519465201489,0.7614605165213328,0.0197840120547414,1.0237081254212563
Aar2,0.0085041187639981,0.2784133806040771,0.0307765829561509,0.205670411466736
Aars,0.0007702981105879,1.0072129126824667,0.0030126989233902,1.4919130062940538
Abhd11os,0.0463973933559499,-0.3281077878822824,0.0286163461608479,-1.5412269067093696
Abhd16a,0.0370607600501855,0.2266359648684878,0.0365712804447617,0.2992977805770637
Abhd4,0.0396121063128641,0.3726291612581855,0.013347026648655,0.5692270526826975
Acaca,0.0419714129374809,0.3570944240368401,0.0072442464255941,0.810430910987107
Actr1a,0.0022698139831496,0.3798816396897372,0.0015650349778832,0.4730589364339094
Add1,0.0052791790018603,0.3900891826279062,0.0160196732786692,0.3876097589313137
Adnp2,0.0204698095371967,0.4573744552223948,0.0232895640667503,0.6242925148071786
Adtrp,0.0309594564984878,-1.0327038492392773,0.0350481707058992,-2.2700524589226587
Aff1,0.0373661058612387,0.2510592718917811,0.0018998557990801,0.477099885927823
Afg3l1,0.0052905237049748,0.3255200892440943,0.0052744243512177,0.4085649034265471
Afm,0.0351549458679284,-1.0506645908657617,0.0150550469257509,-2.0472974364782344
Agfg2,0.0032513841034364,0.4891158652525789,0.0107460326485169,0.5945379123733734
Agpat3,0.0166666214207137,0.363671584788495,0.0018425200543645,0.7658536204587594
Ahsa1,0.0166701255476285,0.369840422226596,0.0025658119861175,0.9438303880305676
Akt1,0.0480426697186298,0.1728032407635601,0.0256167374527051,0.7197860997949783
Aldh1l2,0.0420203819740487,0.6833919081195572,0.0290519864219188,0.7708790068938095
Alg3,0.013921448289486,0.3018682046518728,0.0068784706298887,0.3491141772667745
Alkbh5,0.0067248431850553,0.247127875524613,0.0400290302761654,0.1455939931698101
Alkbh8,0.0197747456787624,0.4924845740166093,0.0488080936965098,0.7837850724304829
Amfr,0.0412141161978539,0.706164364801549,0.0173719819801429,0.9327202475051022
Ankle2,0.0215178740211055,0.4650019664395602,0.011774998902562,0.8903264504032566
Ap1ar,0.0015117657885779,0.8636268457391502,0.0154888516598991,0.5922510047126988
Ap2b1,0.0003767334604191,0.4994015810233337,0.0008538965971619,0.46767778515927
Arf3,0.001268188086825,0.4616910673657446,0.0026267029018225,0.2688795825803309
Arfgap2,0.0323366285760335,0.3692408765479987,0.0031452732973816,0.8300026037290706
Arfgap3,0.0226383116349806,-0.2171080029444706,0.0102705607096721,-1.1093980326355506
Arhgef11,0.0294086457810594,0.4469612283312656,0.032895255177298,0.446804157200502
Arhgef7,0.0306189733252673,0.5832985666978868,0.0238941459112527,1.5544441040244814
Arl2bp,0.0185114523333213,0.9019916560822188,0.0005883337082836,1.3128420747165477
Armc8,0.0107218853982747,0.2117498977657763,0.0227097750280343,0.2625664189410604
Armh3,0.0347331871038437,0.1612024802853006,0.0299828162963483,0.3989415408516725
Arnt,0.0394810959344489,0.236289125316508,0.0164499819755449,0.5495701473930046
Arntl,0.0168580659146055,1.2448659346994613,0.0412146840375566,0.7987637152146745
Arrb1,0.0251762443310566,0.6631784510931831,0.0035205991886418,1.0774648398312034
Arsb,0.0073992828663369,0.6675145947194061,0.0079825013871506,0.5921427480847798
Atf1,0.0055704945637409,0.5163009344938936,0.006650122484279,0.7695815451598397
Atg13,0.001686408049021,0.4291979164285495,0.0002655950241268,0.7356438346868782
Atg4b,0.0015820529610424,0.7462943177476309,2.646054297668953e-05,0.9500999529522548
Atp13a4,0.0464264312184124,-2.537188502333312,0.049306310080916,-2.535929165888986
Atp6ap1,0.0070479283963141,0.7404429197937981,0.006892742613003,0.9487510060422653
Atp6v1a,0.0399420579943881,0.4865146471171637,0.0239075870324862,0.6633705473703767
Atp7a,0.0499200382208443,0.9257211778687346,0.0499290150003619,1.2263526111966054
Atxn1l,0.0020328882169721,0.8110848305984668,0.0135566114566116,0.8288009552748109
Atxn7l3,0.0321231625720699,0.2971715003045587,0.0355366318092447,0.3256222778778948
B3galt1,0.0387917205610281,0.89090294037413,0.0217480824178016,2.563166689249224
Babam1,0.0306521528190446,0.3829526152522238,0.0064341552353077,0.3953563477333912
Bap1,0.0012388263896873,0.2583280957689062,0.016458533995682,0.5266377882829231
Bbx,0.0249568024624226,0.8111564496020359,0.0072716675287196,1.0135569747390338
Bcas3,0.0127397841337069,0.4243470222819941,0.0459519185450304,0.5818732788869649
Bcl2l13,0.0398072179368241,0.3662925752943614,0.0002975977250625,0.9235882490212196
Bet1l,0.0152063253336723,0.3781598870087189,0.0019669098854453,0.5934052370319606
Bloc1s5,0.0454166345286509,0.5007389109607178,0.0079758476227432,1.3311330867736495
Bok,0.0329618969190927,0.4278886524697408,0.0063591548282482,0.7983180241127715
Bsdc1,0.0021764278195229,1.2295841077115934,0.0050979144754868,1.316889160506162
Cab39l,0.0337956123709108,0.5714746778024828,0.0096763661667285,0.896145578147755
Cacul1,0.0093545624495465,0.1499587947344202,0.000988838135077,0.3484697635621166
Calr,0.0022046900914578,0.6143172533306653,0.0468633503284891,0.5128787433836256
Calu,0.0395865957236722,0.4577244362697459,0.0045025979740501,1.512242508627215
Cap1,0.002452914351865,0.4140675304579971,0.0080649753634912,0.6651763259425184
Capns1,0.0208262946764348,0.3335239726512777,0.0109266271268043,0.5569894063053079
Casc3,0.0226494012125172,0.2735493395470803,0.0072858741504053,0.379480347030336
Cbfa2t2,0.0059387195104183,0.4696208093850236,0.0016916382335201,0.6541383330475529
Cbx5,0.0322586589564622,0.3638119769223416,0.011610446016925,1.032927948155307
Ccdc68,0.0459764476674748,-0.287254162554338,0.002756874401231,-1.412761398816125
Ccdc71,0.0149349739738697,0.5918238759869358,0.0168204179288353,0.7689375586876889
Ccdc85c,0.0008751758378037,0.6187882985100165,0.0022171163190717,0.6783926628166146
Ccnd1,0.0054212631152992,0.6674865894930628,0.0191793246311131,1.133914765901675
Ccnk,0.0155082688709414,0.354840718614922,0.0121684661757764,0.2588395803784074
Ccny,0.0012382698463654,0.4418068170099871,0.0001286460547499,0.7590840859578006
Cdadc1,0.0269503275351517,0.515350363733323,0.0024521446864235,1.448692294499239
Cdc37,0.0147729814549865,0.3060878521182731,0.0179418230922089,0.5784770620471802
Cdc42,0.027095095699949,0.2544723462708657,0.0084564359446943,0.2533187862882912
Cdk16,0.0034579189940513,0.409752458150856,0.0279856366125897,0.4356886289287953
Cds2,0.0244539365050451,0.6750077963944905,0.0018329070559772,2.101750158751466
Cenpb,0.0037390017139111,0.5717098767965105,0.004938632623724,0.7151422086432465
Cep170b,0.0333647861093048,0.5069641112032836,0.0280364046330976,0.5791836774456265
Ces1c,0.0317614486227709,-1.9902693036189292,0.0291132851232452,-2.5334721409687977
Chchd2-ps,0.0252196013649637,-2.177024670382167,0.0438988001103447,-2.195930552479248
Chd1l,0.0192873066555272,-0.4581237396770334,0.0036285263638305,-0.7198874939643586
Chtf8,0.0104180524622477,1.4948696140624889,0.0030984388973506,1.8826929652244515
Ciart,0.0343258717358842,-1.4167184145427305,0.0115940448084092,-3.2212616343726737
Clec16a,0.0029226868927894,0.3919537547907759,0.025139682280894,0.4613077156470396
Clip1,0.0266493833798539,0.4848706531483804,0.0124577757887503,1.0441085085140942
Clstn1,0.0225009120839222,0.5337498638011284,0.0013487339913788,0.6382273474770014
Cnksr3,0.0189365122457351,0.6443393966507547,0.0375864774899142,0.6200005552436071
Copg2,0.0169389910305791,0.8860795558591329,0.0343948418715044,0.8031863250109035
Cops8,0.0138788515597856,0.5511381767844756,0.0256292902452072,1.106532008673147
Coro1c,0.0046087270966577,1.1012730548329557,0.0180946993763986,1.9822508454163863
Cox7c-ps1,0.0058774096868059,-0.7146228363313784,0.0164375450432794,-1.4237406840289888
Crcp,0.0321939316264424,0.2551488152624913,0.0067579105089124,0.3636784707701789
Crim1,0.0069520405001168,0.6846996112972744,0.0259092441880453,1.1753645409209403
Crkl,0.0182280069818495,0.1899502635766647,0.0367053874640847,0.2547883401083464
Csnk1g2,0.0127501397871811,0.3738127671708633,0.0031180192575581,0.3106878536954097
Ctdsp2,0.0221588794133773,0.3708189987133066,0.0012434293249702,0.4562849264129642
Ctr9,0.0215060964682526,0.4274741121863441,0.0374030270504547,0.3811006686094798
Ctsb,0.001565760041398,0.6879161977032894,0.0029172491717028,0.7397813884349361
Cul3,0.025019661053061,-0.4936183479650196,0.0261804194104667,-0.4659297499194707
Cyhr1,0.0005963570350918,0.4567161461105585,0.0011123987125537,0.4507439284555047
Cyth2,0.0080113980698442,-0.2089944649314052,0.0090540086238273,-0.5616562974782418
D17H6S53E,0.0030275062586101,0.694523129677271,0.0003694960249579,0.6477399473770362
Dab2ip,0.0154560256148355,0.2558003156872692,0.0107993766096908,0.6878359377452816
Dag1,0.0052764783506024,0.6429290640430305,0.0053156239173139,0.6727138573753395
Dbp,0.0106231370794205,-1.5577583798555603,0.0046080339185553,-2.601369708410518
Dcaf10,0.0084817623389032,0.2432526878125696,0.0287641369943141,0.2956041166961944
Dcaf7,0.0298768284272374,0.2536449748675881,0.024681378418404,0.517547495358214
Dcaf8,0.0282486450785748,0.3126538305182638,0.006775111671012,0.8635847671502609
Dctn1,0.0155333797334478,0.5661810996400733,0.0333912530953589,0.8415277393124134
Ddb1,0.021983890431792,0.5083207176457274,0.0095770163140986,1.1699391243977493
Ddr1,0.0216406100834072,0.2645170998538697,0.0086398925690794,0.2680029147521837
Ddx49,0.0022781831449641,0.4173322969276248,0.0152330706407327,0.3340322228280789
Dennd10,0.0170266511619652,0.6859977218982538,0.0316000964709559,1.0053527840656988
Dennd1a,0.0114615377580269,0.4867279854955473,0.0050287643809392,1.1271408953615265
Dennd2b,0.0003807722330385,0.9709840724976232,0.0246521680328586,0.7071601009102967
Dhdds,0.0430337434081661,0.3693238380385735,0.0074943697106532,0.8335655230854183
Dipk1a,0.0124543621636519,0.5657452275985799,0.0214854505078572,1.1991013808781836
Dll4,0.0329566731142346,-0.7968428902200131,0.0047695787939954,-1.0118765631334232
Dnajb6,0.0362039045596525,0.613704289551253,0.0187496011085248,1.0714474785801416
Dnajc17,0.0185273199682594,0.415782756687971,0.01288597599373,0.5191644668443828
Dnajc8,0.0226929130424107,0.2766399042352239,0.0040185517889841,0.6694690222854687
Dpf2,0.005070136473293,0.6000234672153961,0.005793612671994,1.0322757928929835
Drg1,0.0200327867236337,0.4557043864708687,0.0228280716790489,0.5149720903444973
Dync1h1,0.0411181176562476,0.3085773989506296,0.0461816793785046,0.5353004834295798
Dync1li2,0.0080534704543458,1.233632641135453,0.0185409823179222,2.035381091535462
Ece1,0.0462524484784338,0.952576549625973,0.00530344561647,2.0446300636945702
Egfr,0.0436185775954824,0.3536521947242172,0.0384008849856602,0.8408394219266152
Ehd4,0.0014188963817641,0.5706336100388315,0.0162795826660316,1.2094460264636275
Ehmt2,0.0466502149990119,-0.2577534858605609,0.0172312039603,-0.2749749131722195
Ei24,0.0061438649904162,0.5420362741172252,0.0183184328291465,0.3819895328618695
Eif3b,0.0062647317591243,0.3165415450974436,0.0125081440774124,0.3184118201800848
Eif4a-ps4,0.04406779173575,0.9482972520986938,0.001890177326056,1.15724399835131
Eif4g1,0.0203650562406027,0.3729315578384548,0.0008577921735096,0.6837911935199831
Emc10,0.0134509839333724,0.7359220164375646,0.0007101086014403,1.3710499529644091
Eno1,0.0108144085054222,0.4542435903335434,0.0179691527007629,0.4698031012563324
Enpp4,0.020431509727231,0.6258899683533016,0.0023708706966789,1.0725090651622953
Ensa,0.0179945155837387,0.3175720604446414,0.0013599086683132,0.6016479993639838
Entpd4,0.0306954749682998,0.4950609287211571,0.0059373735987424,1.112363942556798
Erc1,0.0055584978694797,0.6076125847236339,0.0049128309109653,1.2872279960232536
Ercc8,0.0467590008560412,0.2833007793254695,0.0234732354190292,0.3467716509921453
Ezh1,0.001576625727434,0.3856660024660843,0.0012990310154274,0.5886424175077198
Fam168b,0.0013738178697622,0.5226895694022067,0.0006294885334693,0.9044771492626464
Fam222b,0.0433497168812034,0.3635508922584285,0.0010797749966856,0.6737425258915553
Fam53b,0.0222737166312035,0.3750808533130861,0.0370003442961366,0.8713601521265062
Fam53c,0.0383403162872075,0.3189959725914182,0.0036209943134268,1.0400435223763858
Fbxo42,0.0442124580517012,0.2953415758001022,0.0343012790243318,0.26722357593706
Fbxo45,0.0256277945272895,0.4009043927717919,0.0246868512536166,0.3492504157588097
Fbxw11,0.0007272999452534,0.5566436349191198,0.0254984736962499,0.7182684724534765
Fbxw2,0.0096530442643877,0.4125734801787889,0.006076266078658,0.4965294964966951
Fbxw8,0.0321819316712885,0.3362699177827055,0.0002023775373869,0.8892090029831465
Flnb,0.0254905015095712,0.3052063539348785,0.0233311971871928,1.1942403588565047
Fndc3b,0.0410333284136918,0.4313251854258271,0.014257080933205,1.4593212815699088
Foxj2,0.0005493742063675,0.5319175747342534,0.001143626699407,0.6721580880851366
Furin,0.0321156959720686,0.2292160208652714,0.0080441584404868,0.4760368635781895
Fus,0.0428605241819007,0.3442263529900711,0.023695107771482,0.4076721494704777
Fyco1,0.0255997799917369,0.34194338864392,0.0221400703031601,0.9958382530175124
G3bp2,0.0002922012389779,0.3998860495189784,0.0287450646614024,0.2873820590802644
Gab2,0.001741862510936,0.6477034420486826,0.0035961052866583,1.161377098575388
Gapdh-ps16,0.0439299965858709,1.0436505434402152,0.002672728056827,1.7904303267804424
Gatad2b,0.0113005105782052,0.3206044491775956,0.0017689325163681,0.7639476438386391
Gdf5,0.0248356620364219,1.658885087820491,0.0355518575944209,3.7198523969517634
Glg1,0.0073780803134195,0.22186911782855,0.0003611838153171,0.3481109664794796
Glyr1,0.0010250162907721,0.1822155254388978,0.0003725426657091,0.2366757932737933
Gm10291,0.028568587795233,2.263412270185236,0.0357614894681232,2.193222518607936
Gm11407,0.0046732804442555,-1.2778481306746745,0.0177997474086288,-1.0233367994898053
Gm11410,0.0008333443622171,-1.5897504203878887,0.0067830552320696,-1.5148994250634429
Gm12080,0.0382313543579717,-2.5171399368374776,0.0487794178005933,-1.687979721051874
Gm12161,0.0003335083804894,1.892025428716129,0.0068523937435845,1.8437140771931384
Gm12468,0.0325260641339514,-2.639375994506697,0.0119256142398023,-1.5484140769301569
Gm14117,0.0129976826476035,1.039955236786948,0.0014230537251397,1.5385385904671638
Gm14239,0.0276079474654691,1.7677277412853052,0.0400209024151378,1.5543232183535414
Gm15191,0.0273007206301747,-1.172871570225125,0.0311291540815082,-1.2580037800276913
Gm15379,0.0194028912049895,-2.272500358255912,0.0094574772464103,-2.0574707676459068
Gm15899,0.0158860996862241,0.8876103871508277,0.0078410767292857,0.643406003432643
Gm16106,0.0121782018546852,-1.5868119433671042,0.0056060594155261,-1.4686853011431051
Gm16305,0.0424887342953852,2.091537253706336,0.0438281097629165,2.359597965966707
Gm18537,0.0047644767397518,1.92536422336578,0.0190433304811025,1.4242786202410076
Gm20661,0.0014270099806114,2.1822945483044727,0.0146853472481748,1.7547596633926406
Gm28438,0.0019161015858856,-1.7245423205921195,0.0230709234525022,-0.9768643373841503
Gm29257,0.0049017490825021,-0.7817318271052337,0.0170178871949457,-0.7072438868937723
Gm30970,0.0444936881012996,inf,0.0245157933160836,inf
Gm32687,0.0215491531902187,-0.7508682259501616,0.0381443305770543,-0.6257681945622457
Gm42927,0.0431969926358571,-0.6029876131286928,0.0239674498353189,-0.8780289354937405
Gm44126,0.0285288064396517,1.539903561191941,0.0297548810463807,1.1977760036718657
Gm4518,0.0165329497522828,-1.5324288751273916,0.0422351204402283,-0.9128791249203424
Gm4724,0.0469649025433395,1.3254704997344031,0.0447048228614597,1.9733104386285876
Gm47364,0.0016747299809966,inf,0.0394815086319986,inf
Gm47441,0.032905910227642,0.4401449359203544,0.0131374995446496,0.554158378701422
Gm49325,0.0068291677938434,1.2807630537942312,0.010704447283277,2.29079803805231
Gm49391,0.0304657972432315,inf,0.0001603071530888,inf
Gm49491,0.0130406368060786,inf,0.0150186296302591,inf
Gm49704,0.0015220089812655,-1.648652760910664,0.0478263244224309,-0.7240046988895917
Gm50058,0.0081865404420735,-inf,0.0421407253973614,-1.160787424202971
Gm50174,7.310120742967671e-05,-1.479798270123743,0.0132632874414177,-0.5712335103014623
Gm5063,0.0073257193559371,-2.693726813881114,0.0444723257385734,-1.7153591512346535
Gm53055,0.0049547541169861,2.640080353700993,0.0037217970603082,2.2364794721479937
Gm5528,0.0410268857921746,-1.9872015095392013,0.0240577574422579,-1.7097788295119465
Gm5831,0.007500332057489,0.8493096970780879,0.0176303372499863,1.812393596361615
Gm5845,0.032783673487104,-1.126569815753817,0.0213967781428838,-2.017287118692571
Gm6440,0.0223244662477748,-1.5718240270621913,0.029588463356331,-2.055935527987033
Gm6576,0.0433929625110966,-0.7645174795448991,0.0241402130117729,-0.9443325512930784
Gm6905,0.0051745038939934,-1.1253823359628694,0.0393510345353667,-1.0412217666706602
Gm7507,0.0074725979808355,-1.0877452213102798,0.0392888934461058,-0.5157001895987801
Gm9351,0.0413926829536259,inf,0.0074830515271229,inf
Gm9493,0.0470541116774756,-1.76539657719538,0.0407177853493352,-2.487107113204745
Gm973,0.0168979572189153,1.8684605683552864,0.0202666278626027,1.9471193440176289
Gnai2,0.049424656893482,0.6844216257204804,0.002945211309683,1.7985975675202006
Golga2,0.0366392661818363,0.2809668518457971,0.0201117063735512,0.4655976976100678
Golga7,0.0128465943428565,0.27484260081518,0.0129552078200271,0.3043718753966908
Gpat4,0.0020933125577227,0.9020871779855004,0.0026392474317169,1.227009607611029
Gpatch2l,0.0301209714079589,0.0623373358931614,0.0289124368457495,0.3342744198857283
Gpd1l,0.0099363266665867,0.3819519164318371,0.0495929469767485,0.323515010441569
Gprc5c,0.0137653104733589,0.5538022241945446,0.0437956146419837,0.8079477048468552
Grb2,0.0059513125080194,0.468878812763933,0.0119712750848477,0.5582380021663772
Grk5,0.0480253938529384,0.2324401460540509,0.0406457777503285,0.6681697242664806
Gsk3b,0.011173350320687,0.4172417978559312,0.0119582972846026,0.4396311881581753
Gtf2e1,0.0332644951520986,0.3017389921499995,0.0147909651038827,0.7601771709566829
Gtf3c1,0.0226653244610026,0.630872639438732,0.0178717378454323,0.6433120505902933
Gtf3c4,0.027107770265268,0.2944543581137898,0.016996473743986,0.4513780141758515
Gtpbp1,0.0003042639050026,0.860594498002713,0.0035221456731302,0.9514764953088656
Gys1,0.0090908987583733,0.4766496446371506,0.0484187999749954,0.3363323951423548
H4c14,0.0380735400193975,1.0171486569842074,0.001388973163078,1.3238312506554444
H6pd,0.0424884713048995,0.2784503588786108,0.0123562796091506,0.7599586228913263
Haus3,0.0259461947865712,-1.089539022481669,0.0129357001999193,-1.1943898859705029
Heatr5b,0.0094876351984213,0.4993681767077252,0.0065343656785796,0.6303522468275039
Hira,0.0146729901939808,0.2548643757942886,0.0049019042303764,0.4082919954203481
Hivep1,0.0057562648462946,0.6421560835098552,0.0393127231661284,0.8764661193821963
Hk1,0.0118689239403295,0.5097366097026995,0.0303086836338951,0.3807700138332811
Hspa4,0.0365431548919896,0.1943247056203204,0.0216857466060375,0.2406124698957198
Hspa4l,1.472232512899844e-05,1.1240531426153944,0.0011299147961926,1.597243281573837
Hyou1,0.039481205381383,0.2292026277933995,0.0055250564443693,0.4524797924938629
Igsf3,0.0095935821409778,0.4142402547005243,0.0085619246272162,0.4918741987971675
Ilrun,0.0016737973116551,0.3079832556278587,0.0013240875694628,0.3101254178824461
Impg2,0.0079253571257097,-0.8300461520093596,0.0038332178901676,-0.7627531648904854
Ints3,0.0100053829321345,0.4254418868955495,0.0169058448417316,0.620472568192557
Irf2bpl,0.0042961265163192,0.623357735373158,0.0145344112184719,0.944994574516194
Josd2,0.0271847849970651,0.3040708890451117,0.0365502111092336,0.528454194078189
Jrk,0.032122047226023,0.625568219395554,0.0102496147965553,0.6638490145955933
Jund,0.0159783538061335,0.3971313415355938,0.0003033734276262,0.543855912007866
Kbtbd2,0.0150046738047006,1.025477407181818,0.0327862346446325,0.9730082601243212
Kctd10,0.0169083294673055,0.3744108368442061,0.0081183348598291,0.6828909685088254
Kctd17,0.0386890949190208,0.5415266840880115,0.000163674474615,1.3712332517967745
Kctd20,0.0061932361039177,0.5388128470852822,0.0053078986515047,0.858777172414769
Kctd4,0.0189831889430474,1.520019466551174,0.0078228596737778,1.4869270658375813
Kdm5b,0.0282303127464808,0.5370032035594219,0.0095602680107193,0.6286469819721512
Kif1c,0.0042310756200925,0.3682554941433717,0.0010197464673158,0.4993472091906812
Klhl18,0.0049637826610698,0.3593030996948538,0.027712648233325,0.4635075534977688
Klhl20,0.0046993686100446,0.4591758533476791,0.0224269523268128,0.5473447516874888
Klk10,0.0363806086211045,inf,0.0175414458388251,inf
Kpna6,0.0225425197329757,0.3149410423272581,0.0082455890107791,0.8098597297967215
Laptm4b,0.0305995208726547,0.5431678958381105,0.0033922773630292,0.7172936977114477
Ldlrap1,0.0233806695061794,0.347752333022471,0.0188200463060931,0.372253255579088
Lemd1,0.0304857927397244,inf,0.0109050168984248,inf
Leo1,0.0005916489917387,0.6270971807852305,0.0010912662041063,0.7842336071910004
Lman2l,0.0362491185115283,0.5132771305142784,0.0086928295698582,0.6887391521975856
Lnx2,0.0210254621650687,0.3122586361147219,0.0473778582702242,0.2324737975210945
Lsm14b,0.0465583839406647,0.2880251793029098,0.0141386092689844,0.4174818149183129
Ly96,0.0351231145109992,-0.5980871000426613,0.016474349148792,-1.3075228619352892
Maea,0.0163118644755317,0.2270022625459863,0.034795692109253,0.4328046482171406
Mafk,0.0001598230283438,0.8537845689456716,7.919310298153778e-05,1.0854511324158291
Maml1,0.0048667353550506,0.4085702908004866,0.0096478191707567,0.5363473270481616
Man1b1,0.012836293341446,0.35174776475155,0.0374340830163163,0.2303573601501064
Map7d3,0.0365441761178673,0.7205341838769248,0.0255485747533229,1.810711521887018
Mapkapk2,0.0011414487992085,0.4139899806354337,0.0051525440318443,0.936249578785286
Mapre1,0.0403357863458562,0.6752608952204883,0.0119983741678807,1.4526146897182834
Mast2,0.0214937088882753,0.6158835316636915,0.0446494513121901,0.6543053801197761
Mavs,0.0014425743528747,0.511518449314268,0.0074059654504366,0.3199224423775866
Med11,0.0343283924334302,-0.3557621174011696,0.0062076231254072,-0.7919486999179419
Med16,0.041691507207099,0.1946075440343844,0.0051726381352331,0.3470434331693322
Mef2d,0.0021528059461291,0.4675707711726543,0.0021816088858331,0.7739943496630295
Mettl14,0.003913949309014,0.2758405807168585,0.0019452504761637,0.4622289298346922
Mfap1a,0.0006392128244701,0.5224040106861064,0.0007658680709054,0.6594741660434341
Mfsd12,0.000901498678321,0.70539750252176,0.0089604424594616,0.6635224495050643
Mid1,0.0265025961665126,0.2586860919688026,0.0016272789714146,0.3183534270238841
Mis12,0.0399186059464293,0.1712009012423964,0.0291635117092977,0.66469027038597
Mmel1,0.0368794511375061,1.5850493605824902,0.038747176608602,1.518838660403378
Mmgt2,0.009956391517666,0.4591067872983687,0.0113681959486141,0.4479610418183964
Moap1,0.0232321054324548,0.3007887687153345,0.0302631902757006,0.4565166399234887
Mob2,0.000216282714204,0.6509078512252059,0.010854639681037,1.0679299345129367
Morf4l1-ps1,0.046843901212493,inf,0.0045718410961317,inf
Mrpl49,0.0397059221104452,0.3664402282398024,0.0038221338005322,0.7116052384565407
Mrps23,0.0135454899818669,0.4745335151433635,0.0188243029757162,0.5400360876460099
Mtor,0.0245831961948125,0.8900978151092926,0.0306860017105837,1.2117672209331984
Mtrfr,0.0048148177925228,0.2976060016959806,0.0263042132190875,0.1893365368518129
Myh9,6.417419477938404e-05,0.8284129493242088,0.009223530567762,1.248622947724645
Myo10,0.0325850958378833,0.7612792553703631,0.0258201791828501,0.5356054976553782
N4bp1,0.002176696359304,0.6582210660469373,0.0264596398906515,0.3810519303210151
Nabp2,0.0247541298891614,0.339463344535826,0.0176346438453839,0.3607946582439288
Nacc1,0.0083691091881519,0.3811704229661611,0.0002820328004552,0.597897764038089
Nap1l4,0.013896545733523,1.3985330062416017,0.0057018250981174,2.4448116961868296
Napa,0.025028727095179,0.2742007212356468,0.0046688731575876,0.5566670984131977
Ncbp3,0.0069734217885339,0.3544828645790815,0.0191467660439852,0.3346842766144743
Ndst1,0.0155866020445725,0.7785747786031559,0.0154230216810675,1.2041993787630236
Ndufaf1,0.0060448648191931,0.988816708317225,0.0410481337387937,1.33072690276626
Ndufs5-ps,0.0161546316556283,-0.4553328398812613,0.0140045689405195,-0.9480127808392798
Nf2,0.043853422956151,0.4382322689602245,0.005874230535738,0.9514104882139168
Nfe2l1,0.0011132586948955,0.8268266768295188,0.0001541474236903,1.0560944467705538
Nipal3,0.0331745335967575,0.3117599232929297,0.0079309621224374,0.4580953155665729
Nol4l,0.030411112939632,0.3380512521737602,0.0415492286782011,0.3117687681804241
Nploc4,0.0006752878483905,0.4412502829647453,4.013383739684519e-05,0.5691789007940714
Nsf,0.0250277314138161,1.1312236604180097,0.0261035544594575,2.15630193072133
Nt5c1a,0.0290084666524382,1.961942188167332,0.0430347934106349,1.7210895937718569
Nub1,0.0008134775494556,0.4788478298847811,0.0020334004906417,0.3984525825939523
Nucb1,0.0287196621281198,0.7799614430256058,0.0147409128905156,0.5308414918264432
Nudcd3,0.0062515917843273,0.4709476730589371,0.0009827309577179,0.9178721901448385
Nup98,0.0012482474857853,0.3741213959641215,0.0134693431044297,0.4084563341511569
Odf2l,0.0295017441047562,-0.4595353961028007,0.000835765976603,-0.9257775191259182
Or13j1,0.0304293044320776,0.8004518816157198,0.0371130939052868,0.7242612809979203
Or5m11,0.0355239853256125,-0.7345057572585969,0.039593449181113,-0.7426312312563161
Or8k3b,0.0091270180298821,2.026321890449688,0.0019838472557745,2.285981090896792
Orai3,0.0156202894105336,0.3299475246006439,0.0012628703412302,0.7125313370552061
Osbpl3,0.0499779549218777,0.3853380229102311,0.024995248699276,0.6523902339403689
Oxsr1,0.0094860980753551,0.4147979319268153,0.0007927074397046,0.6798500875668596
P4ha1,0.0143673117677627,0.6972058677646874,0.0082246732469456,1.4520417509609849
Pacsin2,0.0065782835489767,0.5196007728675771,0.0178276668033116,0.7170777363368444
Pagr1a,0.0439259863165416,-0.4418176103876645,0.0252425760727253,-0.3258601570334444
Pakap,0.0148974280470992,0.8946860194720856,0.017109856396898,1.711900922332063
Pard3,0.0063956092201923,0.5441847010904799,0.0010852361683159,0.8595658141031877
Pcdh12,0.0167386436887154,1.0356450169408344,2.3325918280943504e-05,1.8677348351779068
Pcdhb7,0.0258880813085213,1.220199195926854,0.0189010422863174,2.7541355927421565
Pde1a,0.0141806161643573,1.511479782001329,0.0067886323975835,3.5060736969994504
Pdia6,0.0333870234547624,0.4425718198104821,0.0182526118613709,0.5396965818127578
Pdpk1,0.0042647965682112,0.2413696328935157,0.0022227385091578,0.3903960039948563
Pdzd9,0.0005875654463831,-0.8096307353678979,0.020452694954519,-1.102070393477404
Pex19,0.0174381260067149,0.5358649337820145,0.0019305617092717,1.1836022590564088
Pgm2,0.0297733125598309,-0.390403930632821,0.0091980044650463,-1.0592094516722486
Pgpep1,0.0067933970974945,0.8221915975069791,0.0088171148183647,0.7069203124282492
Phb,0.0379058570893095,0.4673946485377028,0.0068140937019671,0.6197548531268985
Phc2,0.0052902354859987,0.5206327217749981,0.0080089682781641,0.4239553769466987
Phf13,0.0135389391936735,0.3745924091012912,0.0111916870635337,0.72724137690315
Pif1,0.044434453112285,-0.497327216992802,0.0032803379257781,-1.2471764485746335
Pigq,0.0026542219007818,0.4115373779519355,0.0063971769779955,0.3249817318733832
Plbd2,0.0420448536267782,0.3300364020575955,0.0081825934648456,0.6141347314235029
Plek2,0.0158395972204766,-0.3506082585864319,0.0031339573867453,-1.0162277542897284
Plod1,0.0249236017294333,0.448217447319676,0.0165945149277504,1.4561798525954512
Pmpca,0.0421126094859343,0.2011175453580951,0.018696032063635,0.3821293174636926
Poldip3,0.0004213838504227,0.4752527191473242,0.0256656655535535,0.2886070961819704
Pom121,0.0217161171245982,0.446498299204399,0.0124465210516675,0.6138907904130078
Ppme1,0.0294174013966589,0.7027103520486647,0.0068741210038465,1.4472539130321445
Ppp1r8,0.0158143853484534,0.4474009007990338,0.004885355259937,0.746050926370544
Ppp2r1b,0.0180727574968059,0.3887437729667811,0.0340661142926128,0.3199946996216213
Ppp2r5a,0.0231881779422273,0.1707883227174154,0.0158552034451804,0.3523061481406946
Prdm9,0.0118056922624248,-0.8889891673293309,0.0014639066963439,-1.7562589555076014
Prl7d1,0.0032232799194471,-inf,0.0499154267394752,-inf
Prn,0.0098947173919685,inf,0.0307716004012401,inf
Prpf6,0.0087912252485055,0.5165576277552173,0.0167393929214552,0.5311651025513894
Prps1,0.0136648302660698,0.2513183245606254,0.008490673511533,0.9940417034864796
Prune1,0.0010723905399686,0.4222545824332135,0.0007528765909172,0.5955730047937899
Psap,0.0136191529517836,0.2845790246879636,0.0003166889451478,0.6230585357994731
Pskh1,0.0052306393967656,0.4647924603190376,0.0050601819773269,0.3601767304026005
Psmd7,0.0150078951251544,0.3937835957006336,0.0008200229477112,0.5357511689689944
Psme3,0.0247903518922865,0.36988839008503,0.003931692592907,0.3694651997365196
Ptges,0.0234962722007649,-0.5147838159532045,0.0153655614429983,-0.8252813604772204
Ptgfrn,0.0093942437051918,0.6976709911953691,0.00472800538561,1.205169837550012
Ptpa,0.0286490524985822,0.9624281942641928,0.0333289845576134,1.296393159131564
Ptpn20,0.043511718340489,2.200207903539035,0.0239967635744136,3.555891903157707
Pvr,0.0287833217971641,0.7079068231627513,0.0009740347459515,1.1739847192109956
R3hdm2,0.0212359964773177,0.1844187180898258,0.0019776045795828,0.4956637139437894
R3hdm4,0.0005715977518947,0.7345276191895999,0.0349668257859779,0.4443848031224371
Rab18,0.0216801881964171,0.7124993598421108,0.0057650152150377,1.4242825044016787
Rab1b,0.002023969114945,0.6503612728022642,0.0025607051288964,0.7220204962073055
Rab35,0.0146579111022692,0.2931749608891569,0.0109700703403132,0.335043386622271
Rab5b,0.0412707682789173,0.3648511751254933,0.0048664542915513,1.200837069581573
Rab7,0.0294873738202769,0.4960475230430835,0.0034008223522011,1.202983170950356
Rabggta,0.0348908604813319,-0.3952944619041668,0.0188601207163826,-0.6199259053920301
Rad9b,0.0119057108164624,-0.7542929592452049,0.0348058023768391,-1.0179315695040445
Ralgapb,0.002893103055121,0.4528632559313874,0.0062388559245181,0.371844995521005
Raly,0.0096095162170453,0.7489831378725815,0.0063341228858596,0.9991065327842192
Rbpj,0.0159291970445951,0.322529738484551,0.0100520288222006,0.9560395630601132
Rcan1,0.0069498014999436,1.7774954133603234,0.0110232652845452,2.7097918967279635
Rfc1,0.0189585686289479,0.4798893488173891,0.0316516290362778,0.659496811203984
Rgs12,0.0129773232430973,0.6976653096998301,0.0405494527693113,0.9795802895473954
Rhbdd2,0.0325678391326179,0.5336786266948162,0.0160401153787713,0.8899582394461082
Rhob,0.021106549118748,0.7997290129968614,0.0022078268553319,0.9713786485833013
Rnf10,0.0153335849701684,0.478240392780336,0.0294270115534294,0.4975780503680292
Rnf125,0.0345198665654853,1.0174559870232602,0.0235401097979795,1.3570300839791691
Rnf14,0.0126331325188142,0.5826624327048984,0.0138922989307159,0.8952430246418622
Rnf141,0.0127294443320935,0.4960833035457876,0.0151376227792559,0.5770871779766716
Rnf169,0.0460025178976588,0.7305096159896435,0.0048777133977888,1.2687604068335712
Rnf185,0.0036587018013128,0.3637876796702681,0.0328824385009915,0.1510553217050999
Rnf187,0.0326698088327171,0.4083746102812285,0.0020969082536912,0.8798197484032901
Rnf4,0.0131055289093676,0.2960242928221228,0.0460214080194371,0.2168435637277888
Ror2,0.0150690107209281,1.0352584963726097,0.0059437978830226,2.4644486522309994
Rrp7a,0.0327963303105105,0.2245560376156174,0.0088023405509409,0.545151471095171
Sap30bp,0.0144815695979816,0.742264905155822,0.0023665628937012,1.188638133132884
Saraf,0.0231232331704286,0.465959440513096,0.0178747975853193,0.4103851696788591
Scap,0.02042689328277,0.7705394112910503,0.0046148854934116,1.1082666477242151
Sdc4,0.0076506405266653,0.5942138241909676,0.0095194853928561,0.6179979756735373
Sdr39u1,0.0423142556825177,0.4237387393193035,0.0026160780930848,0.7981295691082496
Septin11,0.0019520827341192,0.5928721693868273,0.0293623584947018,0.9601245147942756
Septin8,0.0348782937389741,0.3449862352338695,0.0069932851002825,0.6962575545117353
Septin9,0.0046648164500001,0.4692933053764714,0.0196359900961317,0.7688163749426457
Serpind1,0.0058981268035208,inf,0.000155489062534,inf
Sfmbt1,0.0155324211078717,0.5522947745439548,0.0178787407988451,1.0231692915742592
Sfxn3,0.0316853964895475,0.3613383496937802,0.0180741873298156,1.107154521888842
Sgcd,0.048150117722804,0.6615973820606097,0.006638719435049,2.031859437568245
Sh3bp5l,0.0003829450559777,0.9025990192493738,0.0163349115089855,1.1863882037979123
Sh3d19,0.0244742708569977,0.3848051243498431,0.0010564390638007,0.8048653626759157
Shc1,0.0490082975419489,0.189092018231698,0.00741323008525,0.5258482063262147
Sik3,0.0080444575598253,1.1285221387753657,0.0292926881364038,0.9385017003476334
Sin3a,0.0189233559651149,0.4161964736017389,0.0215576012887963,0.656622508994321
Sipa1l1,0.0142315947436273,0.5109032419961922,0.0087792123354927,0.6124289649324748
Ski,0.0225344946014555,0.4049432183779667,0.0038939266342605,1.001579824524948
Slc11a2,0.001534762092199,0.5985763492651102,0.0099974914984091,0.5943708835677971
Slc25a25,0.0048183862240358,1.4010599764214982,0.0008983662810487,1.7992106050029852
Slc35a4,0.0004459474619906,1.0621894084329186,0.0043683656183021,1.1228302017560805
Slc37a3,0.001939140042756,0.7364727044595694,0.0052176071523978,1.1950220971781758
Slc38a10,0.0086028419390827,0.4055475420679087,0.0148678176547656,0.4024453264506429
Slc39a7,0.0247504303976494,0.183706895512448,0.0326682944599989,0.4248022144259373
Slc7a1,0.0318426038743216,0.4763737819427941,0.0140700563645672,0.8173875867772695
Smarcad1,0.0282699129582779,0.2389716260284307,0.0173813962330254,0.3343833590275769
Smarcc2,0.0062770469111945,0.2069028317420825,0.0008579267155159,0.5594685329647404
Smurf1,0.0138356128000566,0.1765307556447483,0.0136710226609976,0.2429719836338665
Snrpb,0.0410177605785741,0.3996818624633672,0.0017929540399143,0.8266976699467699
Snx11,0.0204183138924344,0.2172733472933288,0.0351555995438261,0.3487674594626653
Snx17,0.0265791511730487,0.412786049149968,0.0090363803967011,0.8309414947303901
Snx27,0.0435526495127124,0.2948332423154999,0.0003651163496664,0.9466093856943344
Spata46,0.0394202820227389,0.5631927844331327,0.0168462205399216,0.8693889110688973
Spats2,0.0147620713319106,0.2843583854986453,0.0083845853566258,0.8223202048245556
Spopl,0.0078869279665734,0.8630290367811628,0.0396418677197931,0.8560404477946418
Srebf2,0.0047047726433398,0.5576980628584605,0.0169217483627903,0.5068704844376549
Srpr,0.0182405986721151,0.3550167996140177,0.0076051495796287,0.5071054453880772
Srprb,0.0109852105262707,0.707320211682917,0.0259010725486725,0.9078108679690502
Srrd,0.0494639682807328,-0.3139922472724246,0.0132908826273348,-0.4736992947498498
Ssr1,0.0172799994169062,0.8122089574569936,0.0316703759275856,0.924214737856486
St13,0.004751645535182,0.6446324780615427,0.0093596047203734,1.1252767195101614
St7,0.0153601262672529,0.4520875248756041,0.0078630904311378,0.8546993838650635
Stat3,0.001234841634234,0.6471622880478888,0.0084422081457297,1.389270751073777
Stk35,0.0310187767048525,0.5224981685838949,0.0353220869175909,0.5899493340044493
Stk40,0.0188458642560231,0.4650402118044511,0.0089652793885326,1.3752921528075015
Ston1,0.0243915456533233,0.9485300222180716,0.0029101079065191,1.7914497156014093
Stx6,0.0056615204089123,0.6615708843290844,0.0256921921404544,1.0859478207613118
Stx7,0.022914166880537,0.2814266711868239,0.0148008943447428,0.5706957271416145
Supt16,0.0011914850132215,0.5182554284160761,0.0041636123654792,0.4634257619196552
Supt6,0.0094799425464754,0.2804980022501983,0.0394608110720173,0.1979653619860231
Syne3,0.0043812017871551,1.1055017890472416,0.0313926773123983,0.5569880620848326
Syngr2,0.0069134037556571,0.589855758469561,0.0136344258374829,0.5596017246759358
Synrg,0.0428482221294345,0.2144155096176832,0.0027443104862508,0.4931713157357765
Szrd1,0.002066201945496,0.6013013279543769,4.204061175287444e-05,0.5211762136758475
Taco1,0.0022287639093307,0.7225449438950948,0.0252259370950352,0.3731889417652981
Taf6,0.0109050560373473,0.5528348547437694,0.0124062324900231,0.9633585764012672
Tagln2,0.0131325686197081,0.5640591790516444,0.0062565842306102,0.5580111882658534
Tbc1d10b,0.0012123182977363,0.5105504585726927,0.0158374414052794,0.5506238709396762
Tbc1d17,0.0369668361871146,0.6422285570034898,0.0139201389032771,1.028285531343078
Tbc1d5,0.0247036874193498,0.2748495558783685,0.000135362727373,0.5557322155276528
Tbl1x,0.0072667438944893,0.4176191810849211,0.011737654809161,0.5086171240129784
Tcf20,0.0168655909750063,0.4019816626748618,0.0073991922609916,1.011287216074091
Tcf25,0.000814134633878,0.6330940650974318,0.0025248148717157,0.9876181295763355
Tcta,0.006353765631953,0.6745755289024652,0.0401951781359879,0.2715572261680969
Tent4a,0.008106620258632,1.4763097352903471,0.026193072072633,2.1359749109097788
Tex2,0.0011235754313631,0.4207493975344956,0.0019434953784299,0.510681434751223
Tex56,0.0188549486437022,-2.006140562888714,0.041227085927713,-inf
Tfe3,0.0189849558189957,0.3545701822966272,0.0383584514469808,0.3754921431565605
Thra,0.0221988125631971,0.3417826758709924,0.0023617911878241,1.301138735684552
Thsd4,0.037669117731561,0.5036119363650006,0.0134435785681765,0.6610103568621807
Tigar,0.0392910308642551,0.4582650770415027,0.0228520710235793,0.5824683085484332
Tlk2,0.0239538443507276,0.2772205494418317,0.029988856694675,0.7121488371670328
Tm7sf2,0.0460553515005343,-0.3897960590234591,0.0278369074779414,-0.7888180975692161
Tmem104,0.0366436151884224,0.80508445499499,0.026996258251979,1.7983017023500176
Tmem184b,8.255554368794988e-05,0.8158873706967605,0.0057448826442158,0.921174907620528
Tmem216,0.0498536827888727,0.246516399538968,0.0114220478684334,0.5962786554614418
Tmem276-zftraf1,0.0013122752498865,0.2696157762063659,0.0393955927742792,0.226450262959405
Tmx2,0.0363532437293591,0.2847299101100547,0.0199371936163916,0.6709601580783722
Tom1l2,0.0468902237107846,0.5508672897412695,0.0073295026205569,0.9658595347617164
Tox4,0.0009633023217711,0.3803116006127354,0.0028791288517804,0.4089817009526384
Tppp,0.0189872130182317,0.8782090631501566,0.0090177843481073,1.164403066926327
Tprgl,0.0420921245739922,0.3389999597113805,0.0129077085115799,0.6852175165935787
Traf6,0.0465298174411101,0.2866427213500723,0.0260977638830978,0.3286536963511685
Trappc9,0.011361952215378,0.5227630094382811,0.0019788279908693,1.0827402709414604
Trib1,0.0311350079106753,1.3033269105681593,0.0443113687097398,0.7393773025604591
Trim41,0.0432471500078048,0.8416897320478642,0.0145555073351608,1.3646099407165313
Tspan31,0.0062807545447213,0.3315547958760402,0.0449049648448006,0.2308782721345269
Ttbk2,0.0359318343982255,0.3643676875104715,0.0079536836064304,1.4555871771494016
Tubgcp2,0.024069140670813,0.1405424101165241,0.0306516531559041,0.5790133512826259
U2surp,0.0036948092857812,1.4663668395143412,0.0428347344985106,0.8958070665013799
Ubap1,0.0176065690457557,0.527223099305465,0.0008949729887609,0.6268871273446671
Ubap2l,0.0152981280451076,0.3432464745262167,0.0100691861750649,0.8628736069409964
Ube2h,0.0464602762402199,0.2657129647259788,0.0032269513624996,0.9362713603712408
Ube2j1,0.0286038507324659,0.3017789192126132,0.0065531118673101,0.6618846460193721
Ube2k,0.016430211086701,0.1499634124278352,0.0053518465039518,0.1931429289759304
Ube2n-ps1,0.0351007284933529,0.3230612065721854,0.0108951404838425,0.566535588757971
Ube2v1,0.009461718904201,0.711548739656624,0.005292940059975,0.963880030764342
Ube2z,0.0068074631852757,0.433621940249913,0.0408015977468778,0.3285483371789544
Ubtd2,0.0078712587625519,0.68770117141905,0.0058233161716159,1.468962368845445
Ubtf,0.0074288031638382,0.3604880528567411,0.0050903232427989,0.3500353716400114
Uck1,0.0445499223842127,0.1995268384836089,0.0295826197586776,0.3781651125780804
Ufd1,0.0005886936943053,0.9030577072553742,0.0007149992497911,1.1485146850194214
Urm1,0.0010809998078221,0.837246411728927,0.0004252498407554,1.180246530708756
Usp2,0.0346561036866981,-0.6645786442948368,0.0113785514248999,-1.6852406165419995
Usp25,0.0148608299366228,0.2988630510184485,0.0497566290819786,0.3173583683009784
Usp32,0.0069352331738303,0.5445046281529491,0.0023617212152673,1.0665129066702757
Usp39,0.0227722624564683,0.3266364016323175,0.0223120068675295,0.4631626869182259
Usp47,0.0348815895890245,0.168382041391873,0.0177402195918273,0.2526295850455817
Utp6,0.0135862930582069,0.4673219482004546,0.0084147571791388,0.8816248943785524
Vac14,0.0010653529394066,0.4261792152221615,0.0025045980985356,0.4005589232328214
Vapb,0.031525957560343,0.3293448830425089,0.0022464482358747,1.1609932662930218
Vcp,0.041187322762797,0.1604725075650563,0.0032442883880274,0.4113650335844221
Vps4a,0.0202306838393519,0.4223972144226627,0.0416472829976066,0.5379913901241017
Vti1a,0.0094106686044523,0.2504107548355159,0.0478915147499257,0.1691466500642492
Wasf2,0.0149610348766717,1.5386866947518572,0.0355353224457606,1.6306163437130956
Washc3,0.0205511646404161,-0.5279146062192164,0.0173544188356465,-0.8449146228349337
Wbp1l,0.0003470168647809,0.4504992741829666,6.127841470218377e-06,0.5890566081225849
Wdr1,0.0033561489029147,0.8524794897398399,0.0184254572372554,0.8233533006968559
Wdr66,0.0430037393883248,0.3518747481870143,0.0064992287856132,0.5715090374644923
Wdtc1,0.0235224494591787,1.1079133701124235,0.0154841048365242,0.9204798261028015
Xkr7,0.0185180296694023,2.3199797396495163,0.0026087084747976,3.618506779943453
Xpc,0.0078822416213831,0.3954997586860913,0.0099821326137567,0.7870035685565528
Yipf5,0.0463316066630049,0.3956844917579803,0.0074764794236648,0.4963912903368546
Ypel2,0.0054428949068389,1.0299427660086928,0.0007946019793022,1.2673661151201516
Ywhaz,0.004963423070798,1.0003197012181757,0.0013495271871627,1.3986808728518625
Zbtb45,0.0255756050801225,0.4814983560095393,0.0412798713675517,0.207905713690556
Zcchc17,0.0486257969222138,0.5158812235955597,0.0404012729571523,0.5115486509422257
Zdhhc7,0.0311499359149341,0.4171571184754591,0.01281478289007,0.3579006411620974
Zer1,0.0279293879098154,0.542772400337978,0.0101226378396378,1.0346530700642147
Zfand3,0.0359381921737447,0.4491387200625678,0.0106523212199148,0.6959675368901211
Zfp106,0.0287929561481037,0.1206235149933574,0.0148967909629508,0.667692056040562
Zfp182,0.0454000407751928,-0.4655498888610471,0.0393962866435233,-0.7045899025354573
Zfp219,0.0415877585575319,0.1226032765629824,0.0098868172600055,0.5187486255276288
Zfp319,0.0499185896840843,0.2136470900703492,0.0310189619163345,0.2509712070657979
Zfp324,0.010223475263897,0.7853305532448265,0.0189091981877104,0.9114980258751586
Zfp532,0.0223588630670021,0.8670076615090172,0.0009290798844235,1.9622826077096336
Zfp664,0.0302565403292928,0.5542430724209474,0.0048461891874092,1.064602539405961
Zfp93,0.0429450288769464,1.452123170344461,0.0197951396401509,2.558155422536489
Zfp948,0.0423850266520389,-0.6987754031746606,0.016654875154258,-0.5404146348734246
Zfyve27,0.0047276557911163,0.5427897134320512,0.0229818741960904,0.6345229908238236
Zmat2,0.0263867305670376,0.5673514428024808,0.0183101113272132,0.487001106716602
Zrsr2,0.0357904830516697,0.7017847065325853,0.027779042521156,0.4392264601091229
Zscan22,0.0428985015680233,0.5216981601577663,0.0394289352962332,0.6795116512428483
Zscan25,0.0277734295680718,0.2882312453290798,0.0060223965627059,0.6241629184993395
mt-Atp8,0.0117285141765451,-1.5747976524511638,0.0432825126154198,-1.234341748237321
mt-Nd4l,0.0121504287096026,-1.8263053800325992,0.0404612194878058,-1.5917327782899735
mt-Nd6,0.0295220490217034,-1.0761084681923816,0.0221662153333519,-0.977648445047832
